id,categorie,programme,ancienne_url,type_url,nouvelle_url_proposee,statut_contenu,a_verifier
14,Voyage international,Spécial Andalousie 8 jours aller par vol & retour par bateau à 6900 DHs!,https://www.ajinsafro.ma/voyages-international/special-andalousie-8-jours-aller-par-vol-retour-par-bateau-a-6900-dhs-14,Programme principal,https://ajinsafro.net/voyages-organises/special-andalousie-8-jours-aller-par-vol-retour-par-bateau-a-6900-dhs-14,ok,oui
18,International,Séjour 8 jours ( Vol + Hôtel + Transfert ) à Palma de Mallorca à partir de 9850 DHs !,https://www.ajinsafro.ma/onedeal.php?id=18,Ancienne URL technique,https://ajinsafro.net/voyages-organises/sejour-8-jours-vol-hotel-transfert-a-palma-de-mallorca-a-partir-de-9850-dhs-18,partiel,oui
21,Hébergement,Hôtel El Oumnia Puerto,https://www.ajinsafro.ma/onedeal.php?id=21,Ancienne URL technique,https://ajinsafro.net/hebergement/hotel-el-oumnia-puerto-21,partiel,oui
43,Voyage national,Circuit Ifrane - Michlifen - Azrou - Meknès / Départ de Tanger chaque Samedi,https://ajinsafro.ma/voyage-national/circuit-ifrane-michlifen-azrou-meknes-04-mars-2018-43,Programme principal,https://ajinsafro.net/voyages-maroc/circuit-ifrane-michlifen-azrou-meknes-04-mars-2018-43,ok,non
46,Voyage international,Combiné Malaisie et Vietnam - 14 Jours / 12 Nuits à partir de 20800 DHs!,https://www.ajinsafro.ma/voyages-international/combine-malaisie-et-vietnam-14-jours-12-nuits-a-partir-de-21800-dhs-46,Programme principal,https://ajinsafro.net/voyages-organises/combine-malaisie-et-vietnam-14-jours-12-nuits-a-partir-de-21800-dhs-46,ok,oui
47,International,"L'Italie, Pays des arts et cultures",https://www.ajinsafro.ma/voyages-organisees/litalie-pays-des-arts-et-cultures-47,Ancienne route SEO,https://ajinsafro.net/voyages-organises/litalie-pays-des-arts-et-cultures-47,ok,oui
51,International,"Séjour en Tunisie : 6 Jours / 5 Nuits à Tunis, Carthage à partir de 6900DHs!",https://www.ajinsafro.ma/voyages-international/sejour-en-tunisie-6-jours-5-nuits-a-tunis-carthage-a-partir-de-6900dhs-51,Variante URL,https://ajinsafro.net/voyages-organises/sejour-en-tunisie-6-jours-5-nuits-a-tunis-carthage-a-partir-de-6900dhs-51,ok,oui
51,International,"Séjour en Tunisie : 6 Jours / 5 Nuits à Tunis, Carthage à partir de 6900DHs!",https://www.ajinsafro.ma/voyages-international/tunis-et-hammamet-8-jours-de-soleil-et-de-culture-a-partir-de-9950-dhs-51,Programme principal,https://ajinsafro.net/voyages-organises/sejour-en-tunisie-6-jours-5-nuits-a-tunis-carthage-a-partir-de-6900dhs-51,ok,oui
60,Voyage national,Excursion d'une journée spéciale à Oukaïmeden et Marrakech à seulement 390 DHs!,https://www.ajinsafro.ma/voyage-national/marrakech-oukaimden-ourika-04-mars-2018-60,Programme principal,https://ajinsafro.net/voyages-maroc/marrakech-oukaimden-ourika-04-mars-2018-60,ok,non
64,Voyage national,Excursion d'une journée à Akchour - Chefchaouen départ chaque Samedi soir !,https://www.ajinsafro.ma/voyage-national/circuit-akchour-chefchaouen-16-avril-64,Programme principal,https://ajinsafro.net/voyages-maroc/circuit-akchour-chefchaouen-16-avril-64,ok,non
66,Voyage national,Week-End Asilah - Tanger À Seulement 860 DHs| Plusieurs Départs Disponibles,https://www.ajinsafro.ma/voyage-national/weekend-asilah-tanger-a-seulement-860-dhs-plusieurs-departs-disponibles-66,Programme principal,https://ajinsafro.net/voyages-maroc/weekend-asilah-tanger-a-seulement-860-dhs-plusieurs-departs-disponibles-66,ok,oui
72,National,Circuit 3 Jours / 2 Nuits à Agadir et Marrakech à seulement 1450 DHs!,https://www.ajinsafro.ma/voyage-national/circuit-3-jours-2-nuits-a-agadir-et-marrakech-a-seulement-1450-dhs-72,Programme principal,https://ajinsafro.net/voyages-maroc/circuit-3-jours-2-nuits-a-agadir-et-marrakech-a-seulement-1450-dhs-72,ok,non
75,Voyage national,Célébrez le Festival Gnaoua à Essaouira & Marrakech en 3 jours (2 nuits) du 24 au 27 Juin 2026,https://www.ajinsafro.ma/voyage-national/celebrez-le-festival-gnaoua-a-essaouira-du-20-juin-au-23-juin-2019-75,Programme principal,https://ajinsafro.net/voyages-maroc/celebrez-le-festival-gnaoua-a-essaouira-du-20-juin-au-23-juin-2019-75,ok,oui
77,National,Week-End à Marrakech - Bin El Ouidane - Ouzoud / le 12 - 13 Mai 2018,https://www.ajinsafro.ma/voyage-national/weekend-a-marrakech-bin-el-ouidane-ouzoud-1314-mai-77,Programme principal,https://ajinsafro.net/voyages-maroc/weekend-a-marrakech-bin-el-ouidane-ouzoud-1314-mai-77,ok,non
79,Voyage international,Voyage de 14 Jours / 12 Nuits à Kuala Lumpur & Bali – Séjour Exotique entre Modernité et Paradis à partir de 21900 DHs!,https://www.ajinsafro.ma/voyages-international/voyage-de-14-jours-12-nuits-a-kuala-lumpur-and-bali-sejour-exotique-entre-modernite-et-paradis-a-partir-de-21900-dhs-79,Programme principal,https://ajinsafro.net/voyages-organises/voyage-de-14-jours-12-nuits-a-kuala-lumpur-and-bali-sejour-exotique-entre-modern-79,ok,oui
80,International,Spécial Andalousie : Seville – Cordoue- Grenade –Torremilonos,https://ajinsafro.ma/voyages-organisees/special-andalousie-seville-cordoue-grenade-torremilonos-80,Ancienne route SEO,https://ajinsafro.net/voyages-organises/special-andalousie-seville-cordoue-grenade-torremilonos-80,ok,oui
83,Voyage national,Week-end à Al Hoceima : La perle de la Méditerrané | Plusieurs Départs Disponibles,https://www.ajinsafro.ma/voyage-national/weekend-a-al-hoceima-la-perle-de-la-mediterrane-plusieurs-departs-disponibles-83,Programme principal,https://ajinsafro.net/voyages-maroc/weekend-a-al-hoceima-la-perle-de-la-mediterrane-plusieurs-departs-disponibles-83,ok,oui
87,International,Circuit Italie,https://www.ajinsafro.ma/voyages-organisees/circuit-italie-87,Ancienne route SEO,https://ajinsafro.net/voyages-organises/circuit-italie-87,ok,oui
89,Voyage national,Séjour 4 jours à Dakhla | départ de casablanca à partir de 3980 DHs!,https://www.ajinsafro.ma/team/buy.php?id=89,Ancienne commande,https://ajinsafro.net/voyages-maroc/sejour-4-jours-a-dakhla-depart-de-casablanca-a-partir-de-3980-dhs-89,ok,oui
89,Voyage national,Séjour 4 jours à Dakhla | départ de casablanca à partir de 3980 DHs!,https://www.ajinsafro.ma/voyage-national/sejour-4-jours-a-dakhla-depart-de-casablanca-a-partir-de-3980-dhs-89,Programme principal,https://ajinsafro.net/voyages-maroc/sejour-4-jours-a-dakhla-depart-de-casablanca-a-partir-de-3980-dhs-89,ok,oui
90,International,Combiné Kuala Lumpur & Phuket - 14 Jours / 12 Nuits à partir de 21900 DHs!,https://ajinsafro.ma/voyages-organisees/circuit-thailande-pays-de-sourire-90,Ancienne route SEO,https://ajinsafro.net/voyages-organises/circuit-thailande-pays-de-sourire-90,ok,oui
90,International,Combiné Kuala Lumpur & Phuket - 14 Jours / 12 Nuits à partir de 21900 DHs!,https://www.ajinsafro.ma/voyages-international/combine-kuala-lumpur-and-phuket-14-jours-12-nuits-a-partir-de-21900-dhs-90,Programme principal,https://ajinsafro.net/voyages-organises/circuit-thailande-pays-de-sourire-90,ok,oui
91,Voyage international,Séjours à Antalya et Istanbul pour 8 jours / 7nuits à partir de 15900 DHs!,https://www.ajinsafro.ma/voyages-international/sejours-a-antalya-et-istanbul-pour-8-jours-7nuits-a-partir-de-14450-dhs-91,Programme principal,https://ajinsafro.net/voyages-organises/sejours-a-antalya-et-istanbul-pour-8-jours-7nuits-a-partir-de-14450-dhs-91,ok,oui
92,International,Évasion en Égypte : 11 jours / 10 nuits à partir de 17950 DHs!,https://ajinsafro.ma/voyages-organisees/circuit-egypte-caire-aswan-luxor-hurghada-92,Ancienne route SEO,https://ajinsafro.net/voyages-organises/circuit-egypte-caire-aswan-luxor-hurghada-92,ok,non
93,National,Week-end à Akchour - Chefchaouen - Oued Laou à seulement 950 DHs!,https://www.ajinsafro.ma/onedeal.php?id=93,Ancienne URL technique,https://ajinsafro.net/voyages-maroc/week-end-a-akchour-chefchaouen-oued-laou-a-seulement-950-dhs-93,ok,non
95,International,CIRCUIT ISTANBUL : Du 23 Avril au 01 Mai,https://www.ajinsafro.ma/voyages-organisees/circuit-istanbul-du-23-avril-au-01-mai-95,Ancienne route SEO,https://ajinsafro.net/voyages-organises/circuit-istanbul-du-23-avril-au-01-mai-95,ok,non
96,International,CIRCUIT ANDALOUSIE : 03 AU 09 Août,https://www.ajinsafro.ma/voyages-organisees/circuit-andalousie-03-au-09-aout-96,Ancienne route SEO,https://ajinsafro.net/voyages-organises/circuit-andalousie-03-au-09-aout-96,ok,non
97,Voyage national,Circuit 4 jours à Ouedlaou - Chefchaouen - Fnideq - M'diq - Tétouan - Tanger - Assilah à seulement 1970 DHs!,https://www.ajinsafro.ma/voyage-national/circuit-4-jours-a-ouedlaou-chefchaouen-fnideq-mdiq-tetouan-tanger-assilah-a-seulement-1870-dhs-97,Programme principal,https://ajinsafro.net/voyages-maroc/circuit-4-jours-a-ouedlaou-chefchaouen-fnideq-mdiq-tetouan-tanger-assilah-a-seul-97,ok,oui
101,Voyage national (ancienne route international),Circuit 4 Jours / 3 Nuits à Agadir - Essaouira et Marrakech à seulement 2500 DHs!,https://www.ajinsafro.ma/voyages-international/circuit-4-jours-3-nuits-a-agadir-essaouira-et-marrakech-a-seulement-2200-dhs-101,Programme principal,https://ajinsafro.net/voyages-maroc/circuit-4-jours-3-nuits-a-agadir-essaouira-et-marrakech-a-seulement-2200-dhs-101,ok,oui
104,Voyage national,Circuit 3 jours au Nord : Akchour - Chefchaouen - M'diq - Tétouan - Tanger à seulement 1680 DHs!,https://www.ajinsafro.ma/team/buy.php?id=104,Ancienne commande,https://ajinsafro.net/voyages-maroc/circuit-3-jours-au-nord-akchour-chefchaouen-finideq-mdiq-tetouan-tanger-a-seulem-104,ok,oui
104,Voyage national,Circuit 3 jours au Nord : Akchour - Chefchaouen - M'diq - Tétouan - Tanger à seulement 1680 DHs!,https://www.ajinsafro.ma/voyage-national/circuit-3-jours-au-nord-akchour-chefchaouen-finideq-mdiq-tetouan-tanger-a-seulement-1190-dh-104,Programme principal,https://ajinsafro.net/voyages-maroc/circuit-3-jours-au-nord-akchour-chefchaouen-finideq-mdiq-tetouan-tanger-a-seulem-104,ok,oui
107,International,Offre spéciale : El Clásico FC Barcelone Vs Real Madrid Du 04 Au 07 Mai 2018,https://www.ajinsafro.ma/voyages-organisees/offre-speciale-el-clasico-fc-barcelone-vs-real-madrid-2023-novembre-107,Ancienne route SEO,https://ajinsafro.net/voyages-organises/offre-speciale-el-clasico-fc-barcelone-vs-real-madrid-2023-novembre-107,ok,oui
108,Voyage national,Circuit 3 jours : Agadir - Marrakech - Terre d'Amanar Du 09 au 12 Août,https://www.ajinsafro.ma/voyage-national/circuit-3-jours-agadir-marrakech-terre-damanar-du-070809-avril-108,Programme principal,https://ajinsafro.net/voyages-maroc/circuit-3-jours-agadir-marrakech-terre-damanar-du-070809-avril-108,ok,non
114,Voyage international,Séjour 10 jours / 9 nuits à Dubaï et Istanbul à partir de 15700 Dhs !,https://www.ajinsafro.ma/voyages-international/sejour-10-jours-9-nuits-a-dubai-et-istanbul-a-partir-de-15700-dhs--114,Programme principal,https://ajinsafro.net/voyages-organises/sejour-10-jours-9-nuits-a-dubai-et-istanbul-a-partir-de-15700-dhs-114,ok,oui
116,International,"Croisière 8 jours / 7 nuits à l'Espagne, Italie. Oasis of the Seas à partir de 16900 DHs",https://www.ajinsafro.ma/voyages-international/croisiere-8-jours-7-nuits-a-lespagne-italie-oasis-of-the-seas-a-partir-de-16900-dhs-116,Programme principal,https://ajinsafro.net/voyages-organises/croisiere-8-jours-7-nuits-a-lespagne-italie-oasis-of-the-seas-a-partir-de-16900-116,ok,oui
119,Omra,Omra Septembre 2026 de 13 Jours à partir de 21900 DHs par personne!,https://www.ajinsafro.ma/voyages-international/omra-septembre-2026-de-13-jours-a-partir-de-21900-dhs-par-personne-119,Programme principal,https://ajinsafro.net/hajj-omra/omra-septembre-2026-de-13-jours-a-partir-de-21900-dhs-par-personne-119,ok,oui
120,International,Séjour 8 jours / 7 nuits à Istanbul avec hôtel 5* à partir de 11900 DHs!,https://www.ajinsafro.ma/voyages-organisees/circuit-istanbul-06-nuits-07-jours-a-partir-de-7550-dh-2407-au-3007-120,Ancienne route SEO,https://ajinsafro.net/voyages-organises/circuit-istanbul-06-nuits-07-jours-a-partir-de-7550-dh-2407-au-3007-120,ok,oui
123,Voyage international,Combiné 4 en 1 ( Kuala Lumpur / Bali / Abu Dhabi / Dubai ) - 16 Jours / 14 Nuits à partir de 32000 DHs!,https://www.ajinsafro.ma/voyages-international/combine-4-en-1-kuala-lumpur-bali-abu-dhabi-dubai-16-jours-14-nuits-a-partir-de-32000-dhs-123,Programme principal,https://ajinsafro.net/voyages-organises/combine-4-en-1-kuala-lumpur-bali-abu-dhabi-dubai-16-jours-14-nuits-a-partir-de-3-123,ok,oui
124,À confirmer,Omra + Istanbul À Partir De 11900 DH : Du 18 Févr Au 03 Mars 2019,https://ajinsafro.ma/team/buy.php?id=124,Ancienne URL de commande,https://ajinsafro.net/a-confirmer/omra-istanbul-a-partir-de-11900-dh-du-18-fevr-au-03-mars-2019-124,partiel,oui
125,International,"Séjour 7 Jours / 6 Nuits à l'Andalousie, Espagne à partir de 6900 DHs!",https://www.ajinsafro.ma/voyages-international/sejour-7-jours-6-nuits-a-landalousie-espagne-a-partir-de-6900-dhs-125,Programme principal,https://ajinsafro.net/voyages-organises/sejour-7-jours-6-nuits-a-landalousie-espagne-a-partir-de-6900-dhs-125,ok,non
127,International,Circuit Inde 08 jours : 03 Au 10 Avril,https://ajinsafro.ma/voyages-organisees/circuit-inde-08-jours-03-au-10-avril-127,Ancienne route SEO,https://ajinsafro.net/voyages-organises/circuit-inde-08-jours-03-au-10-avril-127,ok,oui
133,International,Explorez 3 Pays en 13 Jours : Dubai - Kuala Lumpur - Istanbul à partir de 27000 DHs!,https://www.ajinsafro.ma/onedeal.php?id=133,Ancienne URL technique,https://ajinsafro.net/voyages-organises/explorez-3-pays-en-13-jours-dubai-kuala-lumpur-istanbul-a-partir-de-27000-dhs-133,ok,non
137,Voyage national,Circuit 3 jours à Merzouga - Les gorges Todgha - Kelâat M'Gouna - Ouarzazate à seulement 1750 DHs!,https://www.ajinsafro.ma/voyage-national/circuit-3-jours-a-merzouga-les-gorges-todgha-kelaat-mgouna-ouarzazate-plusieurs-departs-disponibles-137,Programme principal,https://ajinsafro.net/voyages-maroc/circuit-3-jours-a-merzouga-les-gorges-todgha-kelaat-mgouna-ouarzazate-plusieurs-137,ok,oui
138,Voyage national,Circuit 4 Jrs à Merzouga - Gorges du Toudra - Kelâat M'Gouna - Ouarzazate - Marrakech à seulement 1980 DHs!,https://www.ajinsafro.ma/voyage-national/4-jours-merzouga-gorges-du-toudra-kelaat-mgouna-ouarzazate-marrakech-a-seulement-1700-mad--138,Variante programme,https://ajinsafro.net/voyages-maroc/4-jours-merzouga-gorges-du-toudra-kelaat-mgouna-ouarzazate-marrakech-a-seulement-138,ok,oui
138,Voyage national,Circuit 4 Jrs à Merzouga - Gorges du Toudra - Kelâat M'Gouna - Ouarzazate - Marrakech à seulement 1980 DHs!,https://www.ajinsafro.ma/voyage-national/circuit-4-jrs-a-merzouga-gorges-du-toudra-kelaat-mgouna-ouarzazate-marrakech-a-seulement-1890-mad-138,Variante programme,https://ajinsafro.net/voyages-maroc/4-jours-merzouga-gorges-du-toudra-kelaat-mgouna-ouarzazate-marrakech-a-seulement-138,ok,oui
138,Voyage national,Circuit 4 Jrs à Merzouga - Gorges du Toudra - Kelâat M'Gouna - Ouarzazate - Marrakech à seulement 1980 DHs!,https://www.ajinsafro.ma/voyage-national/circuit-4-jrs-a-merzouga-gorges-du-toudra-kelaat-mgouna-ouarzazate-marrakech-a-seulement-1980-dhs-138,Programme principal,https://ajinsafro.net/voyages-maroc/4-jours-merzouga-gorges-du-toudra-kelaat-mgouna-ouarzazate-marrakech-a-seulement-138,ok,oui
139,International,"Escapade Libre en 5 jours à Lisbonne : Football, Balades & Découvertes à partir de 6500 DHs!",https://www.ajinsafro.ma/voyages-organisees/circuit-portugal-8-jours7-nuits-du-0705-au-1405-139,Ancienne route SEO,https://ajinsafro.net/voyages-organises/circuit-portugal-8-jours7-nuits-du-0705-au-1405-139,ok,oui
140,National,Circuit Bin El Ouidane – Cascades d'Ouzoud – Aîn Asserdoun 29/30 Avril,https://www.ajinsafro.ma/voyage-national/circuit-bin-el-ouidane-cascades-douzoud-ain-asserdoun-2930-avril-140,Programme principal,https://ajinsafro.net/voyages-maroc/circuit-bin-el-ouidane-cascades-douzoud-ain-asserdoun-2930-avril-140,ok,oui
141,National,Circuit 3 Jours à Legzira - Mirleft - Aglou - Tiznit - Agadir à seulement 1640 DHs!,https://www.ajinsafro.ma/voyage-national/circuit-3-jours-legzira-mirleft-aglou-tiznit-agadir-du-09-au-12-aout-2018-141,Programme principal,https://ajinsafro.net/voyages-maroc/circuit-3-jours-legzira-mirleft-aglou-tiznit-agadir-du-09-au-12-aout-2018-141,ok,oui
143,Voyage national,Offre spéciale été : Martil - Tetouan - M'diq - Oued Laou - Al Hoceima - Nador - Saïdia‎ - Oujda à seulement 3200 Dhs!,https://www.ajinsafro.ma/voyage-national/offre-speciale-ete-martil-tetouan-mdiq-oued-laou-al-hoceima-nador-saidia-oujda-du-2907-au-0308-143,Programme principal,https://ajinsafro.net/voyages-maroc/offre-speciale-ete-martil-tetouan-mdiq-oued-laou-al-hoceima-nador-saidia-oujda-d-143,ok,non
143,Voyage national,Offre spéciale été : Martil - Tetouan - M'diq - Oued Laou - Al Hoceima - Nador - Saïdia‎ - Oujda à seulement 3200 Dhs!,https://www.ajinsafro.ma/voyage-national/offre-speciale-ete-martil-tetouan-mdiq-oued-laou-al-hoceima-nador-saidia-oujda-plusieurs-departs-disponible-143,Variante programme,https://ajinsafro.net/voyages-maroc/offre-speciale-ete-martil-tetouan-mdiq-oued-laou-al-hoceima-nador-saidia-oujda-d-143,ok,non
144,National,Caravane Du Nord 07 Jours / 06 Nuits| Plusieurs Départs Disponible,https://www.ajinsafro.ma/voyage-national/caravane-du-nord-7-jours-6-nuits-du-12-au-18-aout-2018-144,Programme principal,https://ajinsafro.net/voyages-maroc/caravane-du-nord-7-jours-6-nuits-du-12-au-18-aout-2018-144,ok,oui
145,National,Circuit 5 Jours à Ouarzazate - Taliouine - Mirleft - Legzira - Agadir - Essaouira à partir de 2950 DHs!,https://www.ajinsafro.ma/voyage-national/circuit-5-jours-a-ouarzazate-taliouine-mirleft-legzira-agadir-essaouira-a-partir-de-2650-dhs-145,Programme principal,https://ajinsafro.net/voyages-maroc/circuit-5-jours-a-ouarzazate-taliouine-mirleft-legzira-agadir-essaouira-a-partir-145,ok,oui
146,International,Séjour Balnéaire à ANTALYA Du 01 Au 08 Août en All Inclusive!,https://www.ajinsafro.ma/onedeal.php?id=146,Ancienne URL technique,https://ajinsafro.net/voyages-organises/sejour-balneaire-a-antalya-du-01-au-08-aout-en-all-inclusive-146,ok,oui
147,International,Circuit Thaïlande 14 Jours/12 Nuits : Du 18/08 Au 31/08,https://www.ajinsafro.ma/onedeal.php?id=147,Ancienne URL technique,https://ajinsafro.net/voyages-organises/circuit-thailande-14-jours-12-nuits-du-18-08-au-31-08-147,ok,oui
148,International,Séjour 12 jours / 11 nuits à l'égypte : Caire - Croisiere ( Aswan / Luxor ) - Hurghada à partir de 16600 DHs!,https://ajinsafro.ma/voyages-international/sejour-12-jours-11-nuits-a-legypte-caire-croisiere-aswan-luxor-hurghada-a-partir-de-16600-dhs-148,Programme principal,https://ajinsafro.net/voyages-organises/sejour-12-jours-11-nuits-a-legypte-caire-croisiere-aswan-luxor-hurghada-a-partir-148,ok,oui
150,International,Circuit Turquie & Egypte 13 Jours - 12 Nuits : Du 07/08 Au 19/08,https://www.ajinsafro.ma/onedeal.php?id=150,Ancienne URL technique,https://ajinsafro.net/voyages-organises/circuit-turquie-egypte-13-jours-12-nuits-du-0708-au-1908-150,ok,non
150,International,Circuit Turquie & Egypte 13 Jours - 12 Nuits : Du 07/08 Au 19/08,https://www.ajinsafro.ma/voyages-organisees/circuit-turquie-egypte-13-jours-12-nuits-du-0708-au-1908-150,Ancienne route SEO,https://ajinsafro.net/voyages-organises/circuit-turquie-egypte-13-jours-12-nuits-du-0708-au-1908-150,ok,non
153,Hébergement,"Offre famille Cabo Negro : Appartement à ""Mirador Golf"" pour 6 personnes",https://www.ajinsafro.ma/onedeal.php?id=153,Ancienne URL technique,https://ajinsafro.net/hebergement/offre-famille-cabo-negro-appartement-a-mirador-golf-pour-6-personnes-153,partiel,oui
156,National,Week End à Oued El Marsa - île Laila - Tanger - Asilah | Plusieurs départs Disponibles,https://ajinsafro.ma/team/buy.php?id=156,Ancienne commande,https://ajinsafro.net/voyages-maroc/week-end-a-oued-el-marsa-ile-laila-tanger-asilah-156,ok,non
156,National,Week End à Oued El Marsa - île Laila - Tanger - Asilah | Plusieurs départs Disponibles,https://www.ajinsafro.ma/onedeal.php?id=156,Ancienne URL technique,https://ajinsafro.net/voyages-maroc/week-end-a-oued-el-marsa-ile-laila-tanger-asilah-156,ok,non
158,National,Excursion d'une journée à Cascades d'Ouzoud & Bin El Ouidane départ chaque Samedi soir !,https://www.ajinsafro.ma/voyage-national/excursion-dune-journee-a-cascades-douzoud-bin-el-ouidane-depart-chaque-samedi-soir--158,Programme principal,https://ajinsafro.net/voyages-maroc/excursion-dune-journee-a-cascades-douzoud-bin-el-ouidane-depart-chaque-samedi-so-158,ok,oui
159,National,Week-end Nouvel an à Agadir du 31/01 Décembre,https://www.ajinsafro.ma/voyage-national/weekend-detente-a-agadir-du-0102-avril-159,Programme principal,https://ajinsafro.net/voyages-maroc/weekend-detente-a-agadir-du-0102-avril-159,ok,oui
160,National,Circuit Sources Oum Rabia - Aguelmam Azegza 14 Octobre 2018,https://www.ajinsafro.ma/voyage-national/circuit-sources-oum-rabia-aguelmam-azegza-14-octobre-2018-160,Programme principal,https://ajinsafro.net/voyages-maroc/circuit-sources-oum-rabia-aguelmam-azegza-14-octobre-2018-160,ok,oui
162,National,Circuit 3 jours : Ouzoud - Bin El ouidane - Ain Asserdoun - Marrakech - Terres d'Amanar | Plusieurs Départs Disponibles,https://www.ajinsafro.ma/voyage-national/circuit-3-jours-ouzoud-bin-el-ouidane-ain-asserdoun-marrakech-terres-damanar-plusieurs-departs-disponibles-162,Programme principal,https://ajinsafro.net/voyages-maroc/circuit-3-jours-ouzoud-bin-el-ouidane-ain-asserdoun-marrakech-terres-damanar-plu-162,ok,non
166,Voyage national,Week-end à Oukaïmeden - Marrakech - Ourika | Départ Chaque Vendredi Soir !,https://ajinsafro.ma/voyage-national/weekend-a-oukaimeden-marrakech-le-10-11-mars-2018-166,Programme principal,https://ajinsafro.net/voyages-maroc/weekend-a-oukaimeden-marrakech-le-10-11-mars-2018-166,ok,oui
169,National,Week-end à Michlifen - Ifrane - Meknès | Départ Chaque Vendredi Soir !,https://www.ajinsafro.ma/voyage-national/weekend-a-michlifen-ifrane-meknes-le-24-25-fevrier-2018-169,Programme principal,https://ajinsafro.net/voyages-maroc/weekend-a-michlifen-ifrane-meknes-le-24-25-fevrier-2018-169,ok,oui
170,Voyage international,Week-end shopping : Torremolinos - Malaga - Marbella à seulement de 3350 DHs!,https://www.ajinsafro.ma/voyages-international/week-end-shopping-torremolinos-malaga-marbella-a-seulement-de-3350-dhs-170,Programme principal,https://ajinsafro.net/voyages-organises/week-end-shopping-torremolinos-malaga-marbella-a-seulement-de-3350-dhs-170,ok,non
172,Voyage international,Circuit 8 jours / 7 Nuits à Portugal et Séville à partir de 10900 DHs!,https://www.ajinsafro.ma/onedeal.php?id=172,Ancienne URL technique,https://ajinsafro.net/voyages-organises/circuit-8-jours-7-nuits-a-portugal-et-seville-a-partir-de-10900-dhs-172,ok,oui
172,Voyage international,Circuit 8 jours / 7 Nuits à Portugal et Séville à partir de 10900 DHs!,https://www.ajinsafro.ma/voyages-international/circuit-8-jours-7-nuits-a-portugal-et-seville-a-partir-de-10900-dhs-172,Programme principal,https://ajinsafro.net/voyages-organises/circuit-8-jours-7-nuits-a-portugal-et-seville-a-partir-de-10900-dhs-172,ok,oui
177,Voyage national,Circuit 4 jours à Imlil - Toubkal - Terre D'amanare - Marrakech | Départ Chaque Semaine !,https://www.ajinsafro.ma/voyage-national/circuit-3-jours-a-imlil-toubkal-takerkoust-marrakech-121314-mai-177,Programme principal,https://ajinsafro.net/voyages-maroc/circuit-3-jours-a-imlil-toubkal-takerkoust-marrakech-121314-mai-177,ok,oui
180,International,Circuit d'Europe Paris - Bruxelles - Amsterdam 7 Jours/ 6 Nuits : Du 24 Au 30 Avril à seulement 8950 DH !,https://www.ajinsafro.ma/voyages-international/circuit-deurope-paris-bruxelles-amsterdam-7-jours-6-nuits-du-24-au-30-avril-a-seulement-8950-dh--180,Programme principal,https://ajinsafro.net/voyages-organises/circuit-deurope-paris-bruxelles-amsterdam-7-jours-6-nuits-du-24-au-30-avril-a-se-180,ok,non
181,National,Week-end Merzouga,https://ajinsafro.ma/voyage-national/weekend-en-plein-desert-a-merzouga-0607-mai-181,Programme principal,https://ajinsafro.net/voyages-maroc/weekend-en-plein-desert-a-merzouga-0607-mai-181,ok,oui
187,National,Voyage pour les mamans à Ifrane - Dait Aoua - Fès - Moulay Yakoub 24 - 25 Mars 2018,https://ajinsafro.ma/voyage-national/voyage-pour-les-mamans-a-ifrane-dait-aoua-fes-moulay-yakoub-24-25-mars-2018-187?lang=,Programme principal,https://ajinsafro.net/voyages-maroc/voyage-pour-les-mamans-a-ifrane-dait-aoua-fes-moulay-yakoub-24-25-mars-2018-187?-187,ok,oui
188,National,Ouzoud – Bin El Ouidane – Ain Asserdoun,https://ajinsafro.ma/voyage-national/circuit-ouzoud-bin-el-ouidane-ain-asserdoun-1718-fevrier-a-partir-de-3180-dh-188,Programme principal,https://ajinsafro.net/voyages-maroc/circuit-ouzoud-bin-el-ouidane-ain-asserdoun-1718-fevrier-a-partir-de-3180-dh-188,ok,oui
192,Voyage national,Circuit à Stehat - Oued Laou - Chefchaouen - Fnideq - M'diq | Plusieurs Départs Disponibles,https://ajinsafro.ma/voyage-national/circuit-a-stehat-oued-laou-chefchaouen-fnideq-mdiq-du-18-au-21-aout-2017-192,Programme principal,https://ajinsafro.net/voyages-maroc/circuit-a-stehat-oued-laou-chefchaouen-fnideq-mdiq-du-18-au-21-aout-2017-192,ok,non
198,National,Circuit 4 jours à Asilah - Tanger - Belyounech - Tetouan - Chefchaouen - Oued Laou à seulement 1870 MAD !,https://www.ajinsafro.ma/voyage-national/circuit-4-jours-asilah-tanger-belyounech-tetouan-chefchaouen-oued-laou-du-13-au-16-aout-2018-198,Programme principal,https://ajinsafro.net/voyages-maroc/circuit-4-jours-asilah-tanger-belyounech-tetouan-chefchaouen-oued-laou-du-13-au-198,ok,oui
201,Voyage international,"Terre des Pharaons, l'Égypte : 10 Jours / 9 nuits au Caire & Sharm El Sheikh à partir de 17590 DHs!",https://www.ajinsafro.ma/voyages-international/terre-des-pharaons-legypte-10-jours-9-nuits-au-caire-and-sharm-el-sheikh-a-partir-de-17590-dhs-201,Programme principal,https://ajinsafro.net/voyages-organises/terre-des-pharaons-legypte-10-jours-9-nuits-au-caire-and-sharm-el-sheikh-a-parti-201,ok,oui
203,Voyage international,"Circuit Thaïlande 10 jours / 8 nuits dès 18900 DHs : Phuket, îles Phi Phi et expérience jungle des éléphants​!",https://www.ajinsafro.ma/voyages-international/circuit-thailande-10-jours-8-nuits-des-18900-dhs-phuket-iles-phi-phi-et-experience-jungle-des-elephants-203,Programme principal,https://ajinsafro.net/voyages-organises/circuit-thailande-10-jours-8-nuits-des-18900-dhs-phuket-iles-phi-phi-et-experien-203,ok,oui
210,Voyage international,"Philippines en 12 jours – Manille, Siquijor, Bohol et Panglao à partir de 29950 Dhs!",https://www.ajinsafro.ma/onedeal.php?id=210,Ancienne URL technique,https://ajinsafro.net/voyages-organises/philippines-en-12-jours-manille-siquijor-bohol-et-panglao-a-partir-de-29950-dhs-210,ok,oui
210,Voyage international,"Philippines en 12 jours – Manille, Siquijor, Bohol et Panglao à partir de 29950 Dhs!",https://www.ajinsafro.ma/voyages-international/philippines-en-12-jours-manille-siquijor-bohol-et-panglao-a-partir-de-29950-dhs-210,Programme principal,https://ajinsafro.net/voyages-organises/philippines-en-12-jours-manille-siquijor-bohol-et-panglao-a-partir-de-29950-dhs-210,ok,oui
215,International,Séjour 08 jours / 07 nuits à Istanbul à partir de 9700 DHs!,https://www.ajinsafro.ma/onedeal.php?id=215,Ancienne URL technique,https://ajinsafro.net/voyages-organises/sejour-08-jours-07-nuits-a-istanbul-a-partir-de-9700-dhs-215,ok,oui
216,National,Circuit 3 jours à Tibouda - Tcharrana - Nador - Cap de l'eau - Saidia - Oujda | Plusieurs Départs Disponibles,https://www.ajinsafro.ma/voyage-national/circuit-3-jours-tibouda-tcharrana-nador-cap-de-leau-saidia-oujda-du-25-au-27-aout-2017-216,Programme principal,https://ajinsafro.net/voyages-maroc/circuit-3-jours-tibouda-tcharrana-nador-cap-de-leau-saidia-oujda-du-25-au-27-aou-216,ok,oui
217,Hébergement,Vente Flash été: chambre double en DP à 640 dhs à l'hôtel BEST WESTERN ODYSSEE Agadir,https://www.ajinsafro.ma/onedeal.php?id=217,Ancienne URL technique,https://ajinsafro.net/hebergement/vente-flash-ete-chambre-double-en-dp-a-640-dhs-a-l-hotel-best-western-odyssee-ag-217,ok,oui
218,International,Séjour 6 Jours / 5 Nuitées à Napoli / Côte Amalfitaine à partir de 12800 DHs!,https://www.ajinsafro.ma/voyages-international/sejour-6-jours-5-nuitees-a-napoli-cote-amalfitaine-a-partir-de-12800-dhs-218,Programme principal,https://ajinsafro.net/voyages-organises/sejour-6-jours-5-nuitees-a-napoli-cote-amalfitaine-a-partir-de-12800-dhs-218,ok,oui
222,International,Voyage à Istanbul 08 Jours / 07 Nuits Avec Royal Air Maroc à partir de 7700 DHs!,https://www.ajinsafro.ma/onedeal.php?id=222,Ancienne URL technique,https://ajinsafro.net/voyages-organises/voyage-a-istanbul-08-jours-07-nuits-avec-royal-air-maroc-a-partir-de-7700-dhs-222,ok,non
223,National,Week-end à Belyounech - Tanger - Assilah : Du 30/09 Au 01/10/2017,https://www.ajinsafro.ma/voyage-national/weekend-a-belyounech-tanger-assilah-du-3009-au-01102017-223,Programme principal,https://ajinsafro.net/voyages-maroc/weekend-a-belyounech-tanger-assilah-du-3009-au-01102017-223,ok,oui
226,International,Dubaï Shopping Festival 8 Jours / 6 Nuits du 22 au 29 janvier 2023 à partir de 11300 DHs!,https://www.ajinsafro.ma/onedeal.php?id=226,Ancienne URL technique,https://ajinsafro.net/voyages-organises/dubai-shopping-festival-8-jours-6-nuits-du-22-au-29-janvier-2023-a-partir-de-113-226,ok,oui
227,International,Partez à la découverte d'Istanbul 08 Jours / 07 Nuits À Partir De 6900 DHs!,https://www.ajinsafro.ma/onedeal.php?id=227,Ancienne URL technique,https://ajinsafro.net/voyages-organises/partez-a-la-decouverte-d-istanbul-08-jours-07-nuits-a-partir-de-6900-dhs-227,ok,non
232,International,Barcelone – 6 jours / 5 nuits,https://www.ajinsafro.ma/onedeal.php?id=232,Ancienne URL technique,https://ajinsafro.net/voyages-organises/barcelone-6-jours-5-nuits-232,ok,oui
233,Voyage international,Séjour 5 Jours / 4 Nuitées à la ville lumière Paris à partir de 8600 DHs!,https://www.ajinsafro.ma/onedeal.php?id=233,Ancienne URL technique,https://ajinsafro.net/voyages-organises/sejour-5-jours-4-nuitees-a-la-ville-lumiere-paris-a-partir-de-8600-dhs-233,ok,oui
233,Voyage international,Séjour 5 Jours / 4 Nuitées à la ville lumière Paris à partir de 8600 DHs!,https://www.ajinsafro.ma/voyages-international/sejour-5-jours-4-nuitees-a-la-ville-lumiere-paris-a-partir-de-8600-dhs-233,Programme principal,https://ajinsafro.net/voyages-organises/sejour-5-jours-4-nuitees-a-la-ville-lumiere-paris-a-partir-de-8600-dhs-233,ok,oui
237,National,Circuit à Agadir - Marrakech - Terres d'Amanar ( 3 Jours / 2 Nuits ) | Départ chaque semaine !,https://www.ajinsafro.ma/voyage-national/agadir-marrakech-bin-el-ouidane-du-18-au-22-avril-2018-237,Programme principal,https://ajinsafro.net/voyages-maroc/agadir-marrakech-bin-el-ouidane-du-18-au-22-avril-2018-237,ok,oui
246,Voyage national,Week-End à Marrakech - Bin El Ouidane - Cascades d'Ouzoud - Terres D'amanar | Départ chaque Vendredi soir !,https://www.ajinsafro.ma/voyage-national/week-end-a-marrakech-bin-el-ouidane-cascades-douzoud-terres-damanar-depart-chaque-vendredi-soir-246,Programme principal,https://ajinsafro.net/voyages-maroc/week-end-a-marrakech-bin-el-ouidane-cascades-douzoud-terres-damanar-depart-chaqu-246,ok,oui
247,Voyage international,Espagne: 5 jours à Madrid du 27 au 31 Janvier 2018,https://www.ajinsafro.ma/voyages-international/espagne-5-jours-a-madrid-du-27-au-31-janvier-2018-247,Programme principal,https://ajinsafro.net/voyages-organises/espagne-5-jours-a-madrid-du-27-au-31-janvier-2018-247,ok,oui
281,Omra,Omra Ramadan,https://www.ajinsafro.ma/onedeal.php?id=281,Ancienne URL technique,https://ajinsafro.net/hajj-omra/omra-ramadan-281,partiel,oui
283,International,MALAGA Low Cost l Découvrez la Ville de Picasso en 5 jours / 4 nuits à 4500 MAD !!! (Plusieurs dates sont disponibles),https://ajinsafro.ma/voyages-international/4-jours-a-malaga-l-decouvrez-la-ville-de-picasso-en-4-jours-3-nuits-plusieurs-dates-sont-disponibles-283,Programme principal,https://ajinsafro.net/voyages-organises/4-jours-a-malaga-l-decouvrez-la-ville-de-picasso-en-4-jours-3-nuits-plusieurs-da-283,ok,oui
284,Voyage international,SPECIAL SEJOUR I Assister Au Matche du Fc Barcelone vs chelsea Du 13/03 au 16/03 2018 4 Jours / 3 Nuits,https://ajinsafro.ma/voyages-international/special-sejour-i-assister-au-matche-du-fc-barcelone-vs-chelsea-du-1303-au-1603-2018-4-jours-3-nuits-284,Programme principal,https://ajinsafro.net/voyages-organises/special-sejour-i-assister-au-matche-du-fc-barcelone-vs-chelsea-du-1303-au-1603-2-284,ok,oui
285,Voyage international,Circuit Portugal | Du 06 Au 13 Avril 2019 À Partir de 7400 MAD,https://www.ajinsafro.ma/voyages-international/circuit-portugal-du-24-juin-au-01-juillet-2018-a-seulement-7200-dhs-285,Programme principal,https://ajinsafro.net/voyages-organises/circuit-portugal-du-24-juin-au-01-juillet-2018-a-seulement-7200-dhs-285,ok,oui
287,Voyage international,"Trio Italien Inoubliable en 8 jours / 7 nuits : Naples, Côte Amalfitaine & Rome à partir de 13780 DHs!",https://ajinsafro.ma/voyages-international/italie-trio-trois-villes-les-plus-reconnues-de-litalie-venise-florence-et-naples-du-08-au-15-avril-287,Programme principal,https://ajinsafro.net/voyages-organises/italie-trio-trois-villes-les-plus-reconnues-de-litalie-venise-florence-et-naples-287,ok,oui
287,Voyage international,"Trio Italien Inoubliable en 8 jours / 7 nuits : Naples, Côte Amalfitaine & Rome à partir de 13780 DHs!",https://www.ajinsafro.ma/onedeal.php?id=287,Ancienne URL technique,https://ajinsafro.net/voyages-organises/italie-trio-trois-villes-les-plus-reconnues-de-litalie-venise-florence-et-naples-287,ok,oui
288,Voyage international,Circuit 8 jours / 7 nuits aux Émirats arabes unis : Abu Dhabi - Dubaï à partir de 13900 DHs!,https://www.ajinsafro.ma/voyages-international/circuit-8-jours-7-nuits-aux-emirats-arabes-unis-abu-dhabi-dubai-a-partir-de-13900-dhs-288,Programme principal,https://ajinsafro.net/voyages-organises/circuit-8-jours-7-nuits-aux-emirats-arabes-unis-abu-dhabi-dubai-a-partir-de-1390-288,ok,oui
292,International,MALTE 08 Jours / 07 Nuits à partir de 7480 MAD (Plusieurs Dates disponible),https://www.ajinsafro.ma/voyages-international/malte-08-jours-07-nuits-a-partir-de-7480-dhs-plusieurs-dates-disponible-292,Programme principal,https://ajinsafro.net/voyages-organises/malte-08-jours-07-nuits-a-partir-de-7480-dhs-plusieurs-dates-disponible-292,ok,non
294,Voyage international,Tunisie & Malte VIP – 8 Jours / 7 Nuits à partir de 16 800 DHs!,https://www.ajinsafro.ma/voyages-international/tunisie-and-malte-vip-8-jours-7-nuits-a-partir-de-16-800-dhs-294,Programme principal,https://ajinsafro.net/voyages-organises/tunisie-and-malte-vip-8-jours-7-nuits-a-partir-de-16-800-dhs-294,ok,oui
295,International,Séjour 12 jours / 11 nuits à Antalya & Istanbul avec Turkish Airlines à partir de 19600 DHs!,https://www.ajinsafro.ma/onedeal.php?id=295,Ancienne URL technique,https://ajinsafro.net/voyages-organises/sejour-12-jours-11-nuits-a-antalya-istanbul-avec-turkish-airlines-a-partir-de-19-295,ok,oui
298,International,Séjour 12 jours / 11 nuits en Thaïlande - Malaisie - Singapour à partir de 37 700 DHs par personne!,https://www.ajinsafro.ma/voyages-international/partez-a-la-decouverte-de-kuala-lumpur-langkawi-singapour-avec-ajinsafro-a-seulement-23-500-mad-du-3107-au-1208-298,Programme principal,https://ajinsafro.net/voyages-organises/partez-a-la-decouverte-de-kuala-lumpur-langkawi-singapour-avec-ajinsafro-a-seule-298,ok,oui
299,Voyage international,Thailand en 12 Jours / 11 Nuits à partir de 16380 DHs (Plusieurs dates sont disponibles),https://ajinsafro.ma/voyages-international/thailand-en-12-jours-11-nuits-a-partir-de-16380-dhs-plusieurs-dates-sont-disponibles-299,Programme principal,https://ajinsafro.net/voyages-organises/thailand-en-12-jours-11-nuits-a-partir-de-16380-dhs-plusieurs-dates-sont-disponi-299,ok,non
301,Voyage international,"Le Caire, Alexandrie & Sharm El-Sheikh dès 16450 DH !",https://www.ajinsafro.ma/onedeal.php?id=301,Ancienne URL technique,https://ajinsafro.net/voyages-organises/sejour-10-jours-09-nuits-a-legypte-sharm-el-sheikh-caire-a-partir-de-17200-dhs-301,ok,oui
301,Voyage international,"Le Caire, Alexandrie & Sharm El-Sheikh dès 16450 DH !",https://www.ajinsafro.ma/voyages-international/sejour-10-jours-09-nuits-a-legypte-sharm-el-sheikh-caire-a-partir-de-17200-dhs-301,Programme principal,https://ajinsafro.net/voyages-organises/sejour-10-jours-09-nuits-a-legypte-sharm-el-sheikh-caire-a-partir-de-17200-dhs-301,ok,oui
301,Voyage international,"Le Caire, Alexandrie & Sharm El-Sheikh dès 16450 DH !",https://www.ajinsafro.ma/voyages-international/sejour-8-jours-07-nuits-a-legypte-sharm-el-sheikh-alexandrie-and-caire-a-partir-de-14500-dhs-301,Programme principal,https://ajinsafro.net/voyages-organises/sejour-10-jours-09-nuits-a-legypte-sharm-el-sheikh-caire-a-partir-de-17200-dhs-301,ok,oui
305,Voyage international,Partez à la découverte d'Istanbul et Beirut avec AjiNsafro ( 11 Jours / 10 Nuits ) seulement avec 12890 MAD,https://www.ajinsafro.ma/voyages-international/partez-a-la-decouverte-distanbul-et-beirut-avec-ajinsafro-11-jours-10-nuits-seulement-avec-12890-mad-305,Programme principal,https://ajinsafro.net/voyages-organises/partez-a-la-decouverte-distanbul-et-beirut-avec-ajinsafro-11-jours-10-nuits-seul-305,ok,oui
311,Hébergement,Offre Spéciale Summer 2023 à l'Hôtel Dixil pour 2 adultes et 1 enfant à partir de seulement 1850DHs!!,https://www.ajinsafro.ma/onedeal.php?id=311,Ancienne URL technique,https://ajinsafro.net/hebergement/offre-speciale-summer-2023-a-l-hotel-dixil-pour-2-adultes-et-1-enfant-a-partir-d-311,partiel,oui
319,Voyage national,Voyage 3 Jours à Jebha et Al Hoceima à partir de seulement 1550 DHs!,https://www.ajinsafro.ma/voyage-national/voyage-3-jours-a-jebha-et-al-hoceima-a-partir-de-seulement-1550-dhs-319,Programme principal,https://ajinsafro.net/voyages-maroc/voyage-3-jours-a-jebha-et-al-hoceima-a-partir-de-seulement-1550-dhs-319,ok,oui
321,National,Une journée à Oued Laou / Chefchaouen 22 Juillet 2018,https://www.ajinsafro.ma/voyage-national/une-journee-a-oued-laou-chefchaouen-22-juillet-2018-321,Programme principal,https://ajinsafro.net/voyages-maroc/une-journee-a-oued-laou-chefchaouen-22-juillet-2018-321,ok,oui
322,International,EGYPTE : CAIRO + ASWAN & LUXOR CROISIÈRE + HURGHADA & SHARM EL SHEIKH,https://ajinsafro.ma/voyages-international/egypte-cairo-aswan-luxor-croisiere-hurghada-sharm-el-sheikh-322,Programme principal,https://ajinsafro.net/voyages-organises/egypte-cairo-aswan-luxor-croisiere-hurghada-sharm-el-sheikh-322,ok,oui
328,International,Découvrez le paradis tout compris d'Antalya : Évasion de luxe de 7 jours avec vol direct et hôtel 5 étoiles !,https://www.ajinsafro.ma/onedeal.php?id=328,Ancienne URL technique,https://ajinsafro.net/voyages-organises/decouvrez-le-paradis-tout-compris-d-antalya-evasion-de-luxe-de-7-jours-avec-vol-328,ok,oui
329,Voyage international,Italie – Milan – Venise – Florence – Pise,https://www.ajinsafro.ma/voyages-international/circuit-italie-milan-venise-florence-pisa-08-jours-07-nuits-du-19-au-26-aout-2019-329,Programme principal,https://ajinsafro.net/voyages-organises/circuit-italie-milan-venise-florence-pisa-08-jours-07-nuits-du-19-au-26-aout-201-329,ok,oui
330,Voyage international,Amsterdam – Bruxelles – Paris,https://www.ajinsafro.ma/voyages-international/le-circuit-de-reveamsterdam-bruxelles-paris-8-jours-7-nuits-du-2409-au-01102018-a-seulement-13990-dh--330,Programme principal,https://ajinsafro.net/voyages-organises/le-circuit-de-reveamsterdam-bruxelles-paris-8-jours-7-nuits-du-2409-au-01102018-330,ok,oui
332,Voyage international,"Un voyage vers Amsterdam, une ville renommée dans le monde datant du 17e siècle, capitale de Hollande, à 6760 MAD !!",https://www.ajinsafro.ma/voyages-international/un-voyage-vers-amsterdam-une-ville-renommee-dans-le-monde-datant-du-17e-siecle-capitale-de-hollande-a-6760-mad--332,Programme principal,https://ajinsafro.net/voyages-organises/un-voyage-vers-amsterdam-une-ville-renommee-dans-le-monde-datant-du-17e-siecle-c-332,ok,oui
334,Voyage international,Gibraltar,https://www.ajinsafro.ma/voyages-international/gibraltar-le-luxe-anglais-au-bord-du-mediterrane-avec-ajinsafro-a-3750-mad-334,Programme principal,https://ajinsafro.net/voyages-organises/gibraltar-le-luxe-anglais-au-bord-du-mediterrane-avec-ajinsafro-a-3750-mad-334,ok,oui
335,International,Séjours au Sri Lanka et aux Maldives 11 Jours / 10 Nuits avec ajinsafro à partir de 27500 MAD,https://www.ajinsafro.ma/voyages-international/sejours-au-sri-lanka-et-aux-maldives-11-jours-10-nuits-avec-ajinsafro-a-partir-de-27500-mad-335,Programme principal,https://ajinsafro.net/voyages-organises/sejours-au-sri-lanka-et-aux-maldives-11-jours-10-nuits-avec-ajinsafro-a-partir-d-335,ok,oui
336,Voyage international,"Séjour en Tunisie : 8 Jours à Tunis, Carthage et Hammamet à partir de 9850 DHs avec vol, hôtel 3* en BB!",https://www.ajinsafro.ma/voyages-international/sejour-en-tunisie-8-jours-a-tunis-carthage-et-hammamet-a-partir-de-9850-dhs-avec-vol-hotel-3-en-bb-336,Programme principal,https://ajinsafro.net/voyages-organises/sejour-en-tunisie-8-jours-a-tunis-carthage-et-hammamet-a-partir-de-9850-dhs-avec-336,ok,oui
337,International,Trio Européenne ( Paris - Bruxelles - Amsterdam ) 08 Jours / 07 Nuits à partir de 14500 DHs!,https://www.ajinsafro.ma/voyages-international/trio-europeenne-paris-bruxelles-amsterdam-08-jours-07-nuits-a-partir-de-14500-dhs-337,Programme principal,https://ajinsafro.net/voyages-organises/trio-europeenne-paris-bruxelles-amsterdam-08-jours-07-nuits-a-partir-de-14500-dh-337,ok,oui
341,National,Week-End Akchour - Chefchaouen - Bouhachem | Plusieurs Départs Disponibles,https://www.ajinsafro.ma/voyage-national/weekend-akchour-chefchaouen-bouhachem-plusieurs-departs-disponibles-341,Programme principal,https://ajinsafro.net/voyages-maroc/weekend-akchour-chefchaouen-bouhachem-plusieurs-departs-disponibles-341,ok,oui
348,International,Circuit Combiné Turquie & Azerbaïdjan – 11 Jours ( Istanbul & Baku ) à partir de 16500 DHs!,https://www.ajinsafro.ma/voyages-international/circuit-combine-turquie-azerbaidjan-11-jours-istanbul-baku-a-partir-de-16500-dhs-348,Programme principal,https://ajinsafro.net/voyages-organises/circuit-combine-turquie-azerbaidjan-11-jours-istanbul-baku-a-partir-de-16500-dhs-348,ok,oui
351,Voyage international,Circuit Mille et un lacs de l'Atlas,https://www.ajinsafro.ma/voyage-national/circuit-mille-et-un-lacs-de-latlas-le-08-09-dec-2018-351,Programme principal,https://ajinsafro.net/voyages-organises/circuit-mille-et-un-lacs-de-latlas-le-08-09-dec-2018-351,ok,oui
352,Voyage international,Programme pour une semaine à Paris (Jeux Olympiques 2024) à partir de 13900 DHs!,https://www.ajinsafro.ma/voyages-international/programme-pour-une-semaine-a-paris-jeux-olympiques-2024-a-partir-de-13900-dhs-352,Programme principal,https://ajinsafro.net/voyages-organises/programme-pour-une-semaine-a-paris-jeux-olympiques-2024-a-partir-de-13900-dhs-352,ok,oui
356,Voyage national,Séjour 5 Jours à Dakhla | Départ de Casablanca !,https://www.ajinsafro.ma/voyage-national/sejour-5-jours-a-dakhla-depart-de-casablanca-356,Programme principal,https://ajinsafro.net/voyages-maroc/sejour-5-jours-a-dakhla-depart-de-casablanca-356,ok,oui
359,International,"Le mois de Décembre de folie pour les amateurs de football espagnol à partir de 7450 MAD ,Préparez-vous !!",https://www.ajinsafro.ma/onedeal.php?id=359,Ancienne URL technique,https://ajinsafro.net/voyages-organises/le-mois-de-decembre-de-folie-pour-les-amateurs-de-football-espagnol-a-partir-de-359,ok,oui
363,National,Week-End À Michlifen - Ifrane – Meknès | Départ chaque Vendredi soir !,https://www.ajinsafro.ma/voyage-national/weekend-a-michlifen-ifrane-meknes-depart-chaque-vendredi-soir--363,Programme principal,https://ajinsafro.net/voyages-maroc/weekend-a-michlifen-ifrane-meknes-depart-chaque-vendredi-soir-363,ok,oui
367,Voyage international,Découverte de la Corée et du Japon: Un Voyage Culturel de 16 Jours à partir de 57700 DHs!,https://www.ajinsafro.ma/voyages-international/decouverte-de-la-coree-et-du-japon-un-voyage-culturel-de-16-jours-a-partir-de-57700-dhs-367,Programme principal,https://ajinsafro.net/voyages-organises/decouverte-de-la-coree-et-du-japon-un-voyage-culturel-de-16-jours-a-partir-de-57-367,ok,oui
379,Voyage international,"AjiNsafro Vous Propose Un Séjour À La Grèce, Athènes Et Santorin à partir de 27900 DHs!",https://www.ajinsafro.ma/team/buy.php?id=379,Ancienne commande,https://ajinsafro.net/voyages-organises/un-sejour-a-la-grece-athenes-et-santorin-a-partir-de-27900-dhs-379,partiel,oui
381,Omra,Omra Ramadan 2026,https://www.ajinsafro.ma/team/buy.php?id=381,Ancienne commande,https://ajinsafro.net/hajj-omra/omra-ramadan-2026-a-partir-de-21900-dhs-personne-381,partiel,oui
381,Omra,Omra Ramadan 2026,https://www.ajinsafro.ma/voyages-international/omra-ramadan-2026-a-partir-de-21900-dhs-personne-381,Programme principal,https://ajinsafro.net/hajj-omra/omra-ramadan-2026-a-partir-de-21900-dhs-personne-381,partiel,oui
383,International,El Clasico / Ajax,https://www.ajinsafro.ma/onedeal.php?id=383,Ancienne URL technique,https://ajinsafro.net/voyages-organises/el-clasico-ajax-383,ok,oui
384,International,Offre Spéciale Foot : Real Madrid Vs Ajax Du 02 Au 06 Mars 2019 À Partir De 7850,https://www.ajinsafro.ma/onedeal.php?id=384,Ancienne URL technique,https://ajinsafro.net/voyages-organises/offre-speciale-foot-real-madrid-vs-ajax-du-02-au-06-mars-2019-a-partir-de-7850-384,ok,oui
386,National,Week-end Aventure Tanger- Assilah | Plusieurs Départs Disponibles,https://www.ajinsafro.ma/voyage-national/weekend-aventure-tanger-assilah-plusieurs-departs-disponibles-386,Programme principal,https://ajinsafro.net/voyages-maroc/weekend-aventure-tanger-assilah-plusieurs-departs-disponibles-386,ok,non
392,Voyage international,Séjour de rêve à Bali 11 Jours / 10 Nuits ( Sans Visa ) | Du 31 Mars Au 11 Avril 2019 à partir 13800 MAD,https://www.ajinsafro.ma/voyages-international/sejour-de-reve-a-bali-11-jours-10-nuits-sans-visa-du-31-mars-au-11-avril-2019-a-partir-13800-mad-392,Programme principal,https://ajinsafro.net/voyages-organises/sejour-de-reve-a-bali-11-jours-10-nuits-sans-visa-du-31-mars-au-11-avril-2019-a-392,ok,non
393,International,Circuit 12 jours / 11 nuits à Jakarta - Bali - Kuala Lumpur à partir de 34400 DHs!,https://www.ajinsafro.ma/onedeal.php?id=393,Ancienne URL technique,https://ajinsafro.net/voyages-organises/circuit-12-jours-11-nuits-a-jakarta-bali-kuala-lumpur-a-partir-de-34400-dhs-393,ok,non
393,International,Circuit 12 jours / 11 nuits à Jakarta - Bali - Kuala Lumpur à partir de 34400 DHs!,https://www.ajinsafro.ma/voyages-international/circuit-12-jours-11-nuits-a-jakarta-bali-kuala-lumpur-a-partir-de-34400-dhs-393,Programme principal,https://ajinsafro.net/voyages-organises/circuit-12-jours-11-nuits-a-jakarta-bali-kuala-lumpur-a-partir-de-34400-dhs-393,ok,non
394,Voyage international,Circuit Portugal ( 08 Jours / 07 Nuits ) | Du 18 au 25 Août 2019 à partir de 7900 MAD !,https://www.ajinsafro.ma/voyages-international/circuit-portugal-08-jours-07-nuits-du-18-au-25-aout-2019-a-partir-de-7900-mad--394,Programme principal,https://ajinsafro.net/voyages-organises/circuit-portugal-08-jours-07-nuits-du-18-au-25-aout-2019-a-partir-de-7900-mad-394,ok,non
395,Voyage national,Circuit 4 Jours Al Hoceima - Saidia - Nador - Oujda à Seulement 2200 DHs!,https://www.ajinsafro.ma/voyage-national/circuit-4-jours-oujda-saidia-nador-al-hoceima-plusieurs-departs-disponibles-395,Programme principal,https://ajinsafro.net/voyages-maroc/circuit-4-jours-oujda-saidia-nador-al-hoceima-plusieurs-departs-disponibles-395,ok,non
395,Voyage national,Circuit 4 Jours Al Hoceima - Saidia - Nador - Oujda à Seulement 2200 DHs!,https://www.ajinsafro.ma/voyage-national/circuit-4-jours-oujda-saidia-nador-el-hoceima-plusieurs-departs-disponibles-395,Variante programme,https://ajinsafro.net/voyages-maroc/circuit-4-jours-oujda-saidia-nador-al-hoceima-plusieurs-departs-disponibles-395,ok,non
403,National,Caravane Du Sud 07 Jours / 06 Nuits | Plusieurs Départs Disponible,https://www.ajinsafro.ma/onedeal.php?id=403,Ancienne URL technique,https://ajinsafro.net/voyages-maroc/caravane-du-sud-07-jours-06-nuits-403,ok,non
405,Voyage international,Circuit Espagne Aller / Evasion à plus de 4 villes d'Espagne : Du 25 Août au 01 Septembre 2019 à 8790 MAD,https://www.ajinsafro.ma/voyages-international/circuit-espagne-aller-evasion-a-plus-de-6-villes-despagne-du-2007-au-2807-a-9480-mad-seulement-405,Programme principal,https://ajinsafro.net/voyages-organises/circuit-espagne-aller-evasion-a-plus-de-6-villes-despagne-du-2007-au-2807-a-9480-405,ok,oui
412,International,Circuit 13 Jours / 11 nuits Bangkok – Krabi - Phuket à partir de 27400 DHs!,https://www.ajinsafro.ma/onedeal.php?id=412,Ancienne URL technique,https://ajinsafro.net/voyages-organises/circuit-13-jours-11-nuits-bangkok-krabi-phuket-a-partir-de-27400-dhs-412,ok,non
413,International,Circuit 14 jours / 13 nuits à l'egypte : Caire - Croisière Aswan-Luxor - Hurghada et Sharm El Sheikh à partir de 20400 DHs!,https://www.ajinsafro.ma/onedeal.php?id=413,Ancienne URL technique,https://ajinsafro.net/voyages-organises/circuit-14-jours-13-nuits-a-legypte-caire-croisiere-aswanluxor-hurghada-et-sharm-413,ok,non
413,International,Circuit 14 jours / 13 nuits à l'egypte : Caire - Croisière Aswan-Luxor - Hurghada et Sharm El Sheikh à partir de 20400 DHs!,https://www.ajinsafro.ma/voyages-international/circuit-14-jours-13-nuits-a-legypte-caire-croisiere-aswanluxor-hurghada-et-sharm-el-sheikh-a-partir-de-20400-dhs-413,Programme principal,https://ajinsafro.net/voyages-organises/circuit-14-jours-13-nuits-a-legypte-caire-croisiere-aswanluxor-hurghada-et-sharm-413,ok,non
419,Voyage international,Circuit 14 Jours / 12 Nuits en Malaisie ( Kuala Lumpur / Penang / Langkawi ) à partir de 31500 Dhs!,https://www.ajinsafro.ma/voyages-international/circuit-14-jours-12-nuits-en-malaisie-kuala-lumpur-penang-langkawi-a-partir-de-22800-dhs-419,Programme principal,https://ajinsafro.net/voyages-organises/circuit-14-jours-12-nuits-en-malaisie-kuala-lumpur-penang-langkawi-a-partir-de-2-419,ok,oui
420,International,Vietnam Magique : De Hanoi à Ho Chi Minh - 14 Jours / 12 Nuits d'évasion à partir de 27400 DHs!,https://www.ajinsafro.ma/voyages-international/vietnam-magique-de-hanoi-a-ho-chi-minh-14-jours-12-nuits-devasion-a-partir-de-27400-dhs-420,Programme principal,https://ajinsafro.net/voyages-organises/vietnam-magique-de-hanoi-a-ho-chi-minh-14-jours-12-nuits-devasion-a-partir-de-27-420,ok,oui
426,Voyage international,Offre spéciale 8 Jours / 7 Nuits à Istanbul à partir de 9500 DHs!,https://www.ajinsafro.ma/voyages-international/offre-speciale-8-jours-7-nuits-a-istanbul-a-partir-de-7900-dhs-426,Programme principal,https://ajinsafro.net/voyages-organises/offre-speciale-8-jours-7-nuits-a-istanbul-a-partir-de-7900-dhs-426,ok,oui
432,Voyage international,Séjour 8 jours / 7 Nuitées à Antalya via Istanbul à partir de 15900 DHs!,https://www.ajinsafro.ma/voyages-international/sejour-8-jours-7-nuitees-a-antalya-via-istanbul-a-partir-de-15900-dhs-432,Programme principal,https://ajinsafro.net/voyages-organises/sejour-8-jours-7-nuitees-a-antalya-via-istanbul-a-partir-de-15900-dhs-432,ok,non
436,Voyage international,Offre été 2019 : Hammamet en All Inclusive à 7980 MAD seulement !!,https://www.ajinsafro.ma/voyages-international/offre-ete-2019-hammamet-en-all-inclusive-a-7980-mad-seulement--436,Programme principal,https://ajinsafro.net/voyages-organises/offre-ete-2019-hammamet-en-all-inclusive-a-7980-mad-seulement-436,ok,oui
439,Voyage international,Découvrez la Fascinante Andalousie en 7 Jours / 6 Nuits à partir de 7850 Dhs !,https://www.ajinsafro.ma/onedeal.php?id=439,Ancienne URL technique,https://ajinsafro.net/voyages-organises/decouvrez-la-fascinante-andalousie-en-7-jours-6-nuits-a-partir-de-7600-dhs-439,ok,oui
439,Voyage international,Découvrez la Fascinante Andalousie en 7 Jours / 6 Nuits à partir de 7850 Dhs !,https://www.ajinsafro.ma/team/buy.php?id=439,Ancienne commande,https://ajinsafro.net/voyages-organises/decouvrez-la-fascinante-andalousie-en-7-jours-6-nuits-a-partir-de-7600-dhs-439,ok,oui
439,Voyage international,Découvrez la Fascinante Andalousie en 7 Jours / 6 Nuits à partir de 7850 Dhs !,https://www.ajinsafro.ma/voyages-international/decouvrez-la-fascinante-andalousie-en-7-jours-6-nuits-a-partir-de-7600-dhs--439,Variante programme,https://ajinsafro.net/voyages-organises/decouvrez-la-fascinante-andalousie-en-7-jours-6-nuits-a-partir-de-7600-dhs-439,ok,oui
439,Voyage international,Découvrez la Fascinante Andalousie en 7 Jours / 6 Nuits à partir de 7850 Dhs !,https://www.ajinsafro.ma/voyages-international/decouvrez-la-fascinante-andalousie-en-7-jours-6-nuits-a-partir-de-7850-dhs-439,Programme principal,https://ajinsafro.net/voyages-organises/decouvrez-la-fascinante-andalousie-en-7-jours-6-nuits-a-partir-de-7600-dhs-439,ok,oui
443,International,Voyage au Liban et Al Qods Al Sharif en 11 jours / 10 Nuits à partir de 21000 DHs,https://www.ajinsafro.ma/onedeal.php?id=443,Ancienne URL technique,https://ajinsafro.net/voyages-organises/voyage-au-liban-et-al-qods-al-sharif-en-11-jours-10-nuits-a-partir-de-21000-dhs-443,ok,oui
447,Voyage national,Excursion Chefchaouen | Départ Chaque Samedi Et Dimanche,https://www.ajinsafro.ma/voyage-national/excursion-chefchaouen-depart-chaque-samedi-et-dimanche-447,Programme principal,https://ajinsafro.net/voyages-maroc/excursion-chefchaouen-depart-chaque-samedi-et-dimanche-447,ok,oui
448,National,Excursion Marrakech | Départ Chaque Samedi Et Dimanche,https://www.ajinsafro.ma/voyage-national/excursion-marrakech-depart-chaque-samedi-et-dimanche-448,Programme principal,https://ajinsafro.net/voyages-maroc/excursion-marrakech-depart-chaque-samedi-et-dimanche-448,ok,oui
451,Voyage national,Excursion Tanger | Départ Chaque Samedi Et Dimanche,https://www.ajinsafro.ma/voyage-national/excursion-tanger-depart-chaque-samedi-et-dimanche-451,Programme principal,https://ajinsafro.net/voyages-maroc/excursion-tanger-depart-chaque-samedi-et-dimanche-451,ok,oui
453,National,Circuit 3 jours à Bin El Ouidane - Ouzoud - Marrakech - Ourika - Terres d'Amanar à partir de 1350 DHs (Vacances Mawlid),https://www.ajinsafro.ma/voyage-national/circuit-3-jours-a-bin-el-ouidane-ouzoud-marrakech-ourika-terres-damanar-a-partir-de-1350-dhs-vacances-mawlid-453,Programme principal,https://ajinsafro.net/voyages-maroc/circuit-3-jours-a-bin-el-ouidane-ouzoud-marrakech-ourika-terres-damanar-a-partir-453,ok,non
458,National,Fès - Ifrane - Meknès|Plusieurs Départs Disponibles,https://www.ajinsafro.ma/voyage-national/fes-ifrane-meknesplusieurs-departs-disponibles-458,Programme principal,https://ajinsafro.net/voyages-maroc/fes-ifrane-meknesplusieurs-departs-disponibles-458,ok,oui
462,Omra,Omra Mawlid Nabawi 1446 ( 13 jours / 12 Nuits ) du 18 au 30 Sept 2024 à partir de 14400 DHs!,https://www.ajinsafro.ma/onedeal.php?id=462,Ancienne URL technique,https://ajinsafro.net/hajj-omra/omra-mawlid-nabawi-1446-13-jours-12-nuits-du-18-au-30-sept-2024-a-partir-de-1440-462,ok,oui
464,Omra,Offre spéciale vacances scolaires : Omra Janvier 2024 du 17 au 27 Janvier 2024 à partir de 21000 DHs!,https://www.ajinsafro.ma/onedeal.php?id=464,Ancienne URL technique,https://ajinsafro.net/hajj-omra/offre-speciale-vacances-scolaires-omra-janvier-2024-du-17-au-27-janvier-2024-a-p-464,ok,oui
466,Voyage international,"Séjour 5 Jours / 4 Nuits à Barcelone, la capitale cosmopolite de la région catalane d'Espagne à partir de 8900 DHs!",https://www.ajinsafro.ma/voyages-international/sejour-5-jours-4-nuits-a-barcelone-la-capitale-cosmopolite-de-la-region-catalane-despagne-a-partir-de-8900-dhs-466,Programme principal,https://ajinsafro.net/voyages-organises/sejour-5-jours-4-nuits-a-barcelone-la-capitale-cosmopolite-de-la-region-catalane-466,ok,oui
467,Voyage national,Aventure Marocaine : Évasion et Découverte au Cœur du Royaume - Offre Spéciale Vacances Scolaires à seulement 2400 DHs !,https://www.ajinsafro.ma/team/buy.php?id=467,Ancienne commande,https://ajinsafro.net/voyages-maroc/aventure-marocaine-evasion-et-decouverte-au-coeur-du-royaume-offre-speciale-vaca-467,ok,oui
467,Voyage national,Aventure Marocaine : Évasion et Découverte au Cœur du Royaume - Offre Spéciale Vacances Scolaires à seulement 2400 DHs !,https://www.ajinsafro.ma/voyage-national/aventure-marocaine-evasion-et-decouverte-au-coeur-du-royaume-offre-speciale-vacances-scolaires-a-seulement-2400-dhs--467,Programme principal,https://ajinsafro.net/voyages-maroc/aventure-marocaine-evasion-et-decouverte-au-coeur-du-royaume-offre-speciale-vaca-467,ok,oui
470,International,Circuit Portugal ( 8 Jours / 7 Nuits ) à partir de 11700 MAD !,https://www.ajinsafro.ma/voyages-international/circuit-portugal-8-jours-7-nuits-a-partir-de-11700-mad--470,Programme principal,https://ajinsafro.net/voyages-organises/circuit-portugal-8-jours-7-nuits-a-partir-de-11700-mad-470,ok,oui
480,Voyage national,Week-End À Al Hoceima spécial pour Nass CharQ : La Perle De La Méditerrané | Plusieurs Départs Disponibles,https://www.ajinsafro.ma/voyage-national/weekend-a-al-hoceima-special-pour-nass-charq-la-perle-de-la-mediterrane-plusieurs-departs-disponibles-480,Programme principal,https://ajinsafro.net/voyages-maroc/weekend-a-al-hoceima-special-pour-nass-charq-la-perle-de-la-mediterrane-plusieur-480,ok,non
481,Voyage national,6 Jours / 5 Nuits à Agadir par avion plus excursion à Legzira - Mirleft et Tiznit !,https://www.ajinsafro.ma/voyage-national/6-jours-5-nuits-a-agadir-par-avion-plus-excursion-a-legzira-mirleft-et-tiznit--481,Programme principal,https://ajinsafro.net/voyages-maroc/6-jours-5-nuits-a-agadir-par-avion-plus-excursion-a-legzira-mirleft-et-tiznit-481,ok,oui
483,Voyage national,Voyage spéciale 6 jours à Dakhla & laayoune par avion départ de Casablanca !,https://www.ajinsafro.ma/voyage-national/voyage-a-dakhla-4-jours-exclusive-pour-nass-laayoune-depart-chaque-mercredi-483,Programme principal,https://ajinsafro.net/voyages-maroc/voyage-a-dakhla-4-jours-exclusive-pour-nass-laayoune-depart-chaque-mercredi-483,ok,oui
485,Voyage national,Circuit 3 Jours à Al Hoceïma - Nador - Saidia à seulement 1460 DHs!,https://www.ajinsafro.ma/voyage-national/circuit-3-jours-a-al-hoceima-nador-saidia-a-seulement-1460-dhs-485,Programme principal,https://ajinsafro.net/voyages-maroc/circuit-3-jours-a-al-hoceima-nador-saidia-a-seulement-1460-dhs-485,ok,non
487,Voyage national,Séjours de Luxe chez Ajinsafro Saidia All inclusive plus Al hoceima / Plusieurs depart disponible,https://www.ajinsafro.ma/voyage-national/sejours-de-luxe-chez-ajinsafro-saidia-all-inclusive-plus-al-hoceima-plusieurs-depart-disponible-487,Programme principal,https://ajinsafro.net/voyages-maroc/sejours-de-luxe-chez-ajinsafro-saidia-all-inclusive-plus-al-hoceima-plusieurs-de-487,ok,non
488,Voyage national,Week end Al hoceima par avion chez AjiNsafro | Plusieurs depart disponible,https://www.ajinsafro.ma/voyage-national/week-end-al-hoceima-par-avion-chez-ajinsafro-plusieurs-depart-disponible-488,Programme principal,https://ajinsafro.net/voyages-maroc/week-end-al-hoceima-par-avion-chez-ajinsafro-plusieurs-depart-disponible-488,ok,non
489,Voyage national,Voyage avec HÔTEL de luxe à Al Hoceima exclusive chez AjiNsafro | Plusieurs Depart Disponible,https://www.ajinsafro.ma/voyage-national/voyage-avec-hotel-de-luxe-a-al-hoceima-exclusive-chez-ajinsafro-plusieurs-depart-disponible-489,Programme principal,https://ajinsafro.net/voyages-maroc/voyage-avec-hotel-de-luxe-a-al-hoceima-exclusive-chez-ajinsafro-plusieurs-depart-489,ok,non
490,National,Offre spéciale fin d'année 4 jours à Merzouga - Gorges Du Toudra - Kelâat M'Gouna - Ouarzazate - Agadir à Seulement 1900 DHs!,https://www.ajinsafro.ma/onedeal.php?id=490,Ancienne URL technique,https://ajinsafro.net/voyages-maroc/offre-speciale-fin-d-annee-4-jours-a-merzouga-gorges-du-toudra-kelaat-m-gouna-ou-490,ok,oui
494,Voyage national,Assilah – Tanger – Fnideq – M'diq – Tétouan – Martil – Akchour – Chefchaouen,https://www.ajinsafro.ma/voyage-national/circuit-4-jours-a-assilah-tanger-fnideq-mdiq-martil-tetouan-chefchaouen-494,Programme principal,https://ajinsafro.net/voyages-maroc/circuit-4-jours-a-assilah-tanger-fnideq-mdiq-martil-tetouan-chefchaouen-494,ok,oui
496,Voyage national,Aït Bouguemez – Ouzoud – Marrakech,https://www.ajinsafro.ma/team/buy.php?id=496,Ancienne commande,https://ajinsafro.net/voyages-maroc/ait-bouguemez-ouzoud-marrakech-496,partiel,oui
498,Voyage national,Circuit 3 Jours à Imlil - Toubkal - Marrakech à seulement 1690 DHs!,https://www.ajinsafro.ma/voyage-national/circuit-3-jours-a-imlil-toubkal-marrakech-depart-chaque-semaine--498,Programme principal,https://ajinsafro.net/voyages-maroc/circuit-3-jours-a-imlil-toubkal-marrakech-depart-chaque-semaine-498,ok,oui
501,Hébergement,Profitez d'Un Séjour Dans Un Bungalow À DAKHLA KITESURF WORLD À Partir De 1350 DH,https://www.ajinsafro.ma/onedeal.php?id=501,Ancienne URL technique,https://ajinsafro.net/hebergement/profitez-d-un-sejour-dans-un-bungalow-a-dakhla-kitesurf-world-a-partir-de-1350-d-501,partiel,oui
504,National,Circuit 4 Jours Spécial Nord confort Départ par AVION ou TGV à Seulement 1690 DHs !,https://www.ajinsafro.ma/voyage-national/circuit-4-jours-special-nord-confort-depart-par-avion-ou-tgv-a-seulement-1690-dhs--504,Programme principal,https://ajinsafro.net/voyages-maroc/circuit-4-jours-special-nord-confort-depart-par-avion-ou-tgv-a-seulement-1690-dh-504,ok,non
511,Voyage national,Week-end à Ifrane - Moulay Yakoub - Fès á seulement 920 DHs!,https://www.ajinsafro.ma/team/buy.php?id=511,Ancienne commande,https://ajinsafro.net/voyages-maroc/week-end-a-ifrane-moulay-yakoub-fes-a-seulement-920-dhs-511,ok,oui
511,Voyage national,Week-end à Ifrane - Moulay Yakoub - Fès á seulement 920 DHs!,https://www.ajinsafro.ma/voyage-national/week-end-a-ifrane-moulay-yakoub-fes-a-seulement-920-dhs-511,Programme principal,https://ajinsafro.net/voyages-maroc/week-end-a-ifrane-moulay-yakoub-fes-a-seulement-920-dhs-511,ok,oui
513,Voyage national,Marrakech → Tanger – Chefchaouen – Akchour,https://www.ajinsafro.ma/voyage-national/circuit-special-depart-de-marrakech-vers-tangerchefchaouenakchour-plusieurs-date-disponible-513,Programme principal,https://ajinsafro.net/voyages-maroc/circuit-special-depart-de-marrakech-vers-tangerchefchaouenakchour-plusieurs-date-513,ok,non
515,Voyage national,Agadir Nouvel An,https://www.ajinsafro.ma/team/buy.php?id=515,Ancienne commande,https://ajinsafro.net/voyages-maroc/agadir-nouvel-an-515,partiel,oui
516,International,Séjour 7 Jours / 6 Nuitées à Paris & Helsinki à partir de 18900 DHs!!,https://www.ajinsafro.ma/onedeal.php?id=516,Ancienne URL technique,https://ajinsafro.net/voyages-organises/sejour-7-jours-6-nuitees-a-paris-and-helsinki-a-partir-de-18900-dhs-516,ok,non
516,International,Séjour 7 Jours / 6 Nuitées à Paris & Helsinki à partir de 18900 DHs!!,https://www.ajinsafro.ma/voyages-international/sejour-7-jours-6-nuitees-a-paris-and-helsinki-a-partir-de-18900-dhs-516,Programme principal,https://ajinsafro.net/voyages-organises/sejour-7-jours-6-nuitees-a-paris-and-helsinki-a-partir-de-18900-dhs-516,ok,non
517,National,Excursion D'une Journée Spéciale à Terre d'amanar | Départ de Marrakech chaque dimanche !,https://www.ajinsafro.ma/voyage-national/excursion-dune-journee-speciale-a-terre-damanar-depart-de-marrakech-chaque-dimanche--517,Programme principal,https://ajinsafro.net/voyages-maroc/excursion-dune-journee-speciale-a-terre-damanar-depart-de-marrakech-chaque-diman-517,partiel,oui
518,National,Week-end sur glace à Michlifen - Azrou - Ifrane | Départ chaque samedi matin !,https://www.ajinsafro.ma/voyage-national/weekend-sur-glace-a-michlifen-azrou-ifrane-depart-chaque-samedi-matin--518?lang=fr_FR,Programme principal,https://ajinsafro.net/voyages-maroc/weekend-sur-glace-a-michlifen-azrou-ifrane-depart-chaque-samedi-matin-518?lang=f-518,ok,oui
521,Voyage national,Séjours à Dakhla 5 Jours / 4 Nuits dans des hôtels de luxe a partir de 6690 MAD | Plusieurs date disponible,https://www.ajinsafro.ma/voyage-national/sejours-a-dakhla-5-jours-4-nuits-dans-des-hotels-de-luxe-a-partir-de-6690-mad-plusieurs-date-disponible-521,Programme principal,https://ajinsafro.net/voyages-maroc/sejours-a-dakhla-5-jours-4-nuits-dans-des-hotels-de-luxe-a-partir-de-6690-mad-pl-521,ok,oui
523,Hébergement,Le Plaisir Prolongé - Séjour 2 Adultes + 1 Enfant À Mercure Rif Nador À Petit Prix,https://www.ajinsafro.ma/onedeal.php?id=523,Ancienne URL technique,https://ajinsafro.net/hebergement/le-plaisir-prolonge-sejour-2-adultes-1-enfant-a-mercure-rif-nador-a-petit-prix-523,ok,oui
524,Hébergement,Profitez d'Un Séjour de luxe à l'Hôtel Sofitel Tamuda Bay Beach & Spa à Partir de Seulement 2250DHs!!,https://www.ajinsafro.ma/onedeal.php?id=524,Ancienne URL technique,https://ajinsafro.net/hebergement/profitez-d-un-sejour-de-luxe-a-l-hotel-sofitel-tamuda-bay-beach-spa-a-partir-de-524,partiel,oui
530,Hébergement,Profitez d'Un séjour en Famille à l'Hôtel Kenzi Europa Agadir à Partir de Seulement 1200 DHs,https://www.ajinsafro.ma/onedeal.php?id=530,Ancienne URL technique,https://ajinsafro.net/hebergement/profitez-d-un-sejour-en-famille-a-l-hotel-kenzi-europa-agadir-a-partir-de-seulem-530,ok,oui
531,Hébergement,Profitez Des Vacances Familiale à Odyssee Park Agadir à Petit Prix!,https://www.ajinsafro.ma/onedeal.php?id=531,Ancienne URL technique,https://ajinsafro.net/hebergement/profitez-des-vacances-familiale-a-odyssee-park-agadir-a-petit-prix-531,ok,oui
532,Hébergement,Accueillez 2025 au Luxe et Bien-être au Hôtel Widiane Suite & Spa 5* dès 1720 DHs / nuit !,https://www.ajinsafro.ma/onedeal.php?id=532,Ancienne URL technique,https://ajinsafro.net/hebergement/accueillez-2025-au-luxe-et-bien-etre-au-hotel-widiane-suite-spa-5-des-1720-dhs-n-532,ok,oui
534,Hébergement,Offre spéciale Hiver 2022/2023 à El Cortijo Chefchaouen à seulement 1100 DHs!,https://www.ajinsafro.ma/onedeal.php?id=534,Ancienne URL technique,https://ajinsafro.net/hebergement/offre-speciale-hiver-2022-2023-a-el-cortijo-chefchaouen-a-seulement-1100-dhs-534,ok,oui
535,Hébergement,Séjour plein de détente à UPUPA DE L'ATLAS à Partir De Seulement 850 DHs,https://www.ajinsafro.ma/onedeal.php?id=535,Ancienne URL technique,https://ajinsafro.net/hebergement/sejour-plein-de-detente-a-upupa-de-l-atlas-a-partir-de-seulement-850-dhs-535,ok,oui
536,Hébergement,Expériences originales à vivre dans La Villa Kamilia Essaouira à partie de seulement 790DHs!,https://www.ajinsafro.ma/onedeal.php?id=536,Ancienne URL technique,https://ajinsafro.net/hebergement/experiences-originales-a-vivre-dans-la-villa-kamilia-essaouira-a-partie-de-seule-536,ok,oui
537,Hébergement,Week-end ALL INCLUSIVE pour 2 adultes+2 enfants gratuit À Partir De 2950 DH!,https://www.ajinsafro.ma/onedeal.php?id=537,Ancienne URL technique,https://ajinsafro.net/hebergement/week-end-all-inclusive-pour-2-adultes-2-enfants-gratuit-a-partir-de-2950-dh-537,ok,oui
537,Hébergement,Week-end ALL INCLUSIVE pour 2 adultes+2 enfants gratuit À Partir De 2950 DH!,https://www.ajinsafro.ma/team/buy.php?id=537,Ancienne commande,https://ajinsafro.net/hebergement/week-end-all-inclusive-pour-2-adultes-2-enfants-gratuit-a-partir-de-2950-dh-537,ok,oui
538,Hébergement,Le Plaisir Prolongé - Séjour Dans Mercure Rif Nador À Petit Prix,https://www.ajinsafro.ma/onedeal.php?id=538,Ancienne URL technique,https://ajinsafro.net/hebergement/le-plaisir-prolonge-sejour-dans-mercure-rif-nador-a-petit-prix-538,partiel,oui
539,Voyage national,Spécial VIP Al Hoceima Vol + Hébergement à l'hôtel 3* ou 4* + Transferts à 2650 DHs!,https://www.ajinsafro.ma/voyage-national/special-vip-al-hoceima-vol-hebergement-a-lhotel-3-ou-4-transferts-a-2650-dhs-539,Variante programme,https://ajinsafro.net/voyages-maroc/special-vip-al-hoceima-vol-hebergement-a-lhotel-3-ou-4-transferts-a-2650-dhs-539,ok,oui
539,Voyage national,Spécial VIP Al Hoceima Vol + Hébergement à l'hôtel 3* ou 4* + Transferts à 2650 DHs!,https://www.ajinsafro.ma/voyage-national/special-vip-al-hoceima-vol-hebergement-a-lhotel-3-ou-4-transferts-a-3790-dhs-539,Programme principal,https://ajinsafro.net/voyages-maroc/special-vip-al-hoceima-vol-hebergement-a-lhotel-3-ou-4-transferts-a-2650-dhs-539,ok,oui
540,Hébergement,Pack familiale : Partez Pour Un Séjour a Iberostar Saïdia 2 Adultes+ 1 Enfant À Partir De 1650 DH!,https://www.ajinsafro.ma/onedeal.php?id=540,Ancienne URL technique,https://ajinsafro.net/hebergement/pack-familiale-partez-pour-un-sejour-a-iberostar-saidia-2-adultes-1-enfant-a-par-540,partiel,oui
541,Hébergement,Profitez d'une somptueuse nuit All inclusive à l'hôtel Iberostar Club Palmeraie Marrakech À Partir de 1750 DH!,https://www.ajinsafro.ma/onedeal.php?id=541,Ancienne URL technique,https://ajinsafro.net/hebergement/profitez-d-une-somptueuse-nuit-all-inclusive-a-l-hotel-iberostar-club-palmeraie-541,ok,oui
542,Hébergement,Excellent Séjour Au Calme À L'hôtel Tasgua-Yan À Essaouira Pour 2 Nuits À Partir De 1600 Dhs!,https://www.ajinsafro.ma/onedeal.php?id=542,Ancienne URL technique,https://ajinsafro.net/hebergement/excellent-sejour-au-calme-a-l-hotel-tasgua-yan-a-essaouira-pour-2-nuits-a-partir-542,ok,oui
543,Voyage international,Évasion à Istanbul : 8 Jours / 7 Nuits au Cœur de l'Empire à partir de 7990 DHs!,https://www.ajinsafro.ma/onedeal.php?id=543,Ancienne URL technique,https://ajinsafro.net/voyages-organises/circuit-8-jours-a-istanbul-a-partir-de-5990-mad-543?lang=fr_FR-543,ok,oui
543,Voyage international,Évasion à Istanbul : 8 Jours / 7 Nuits au Cœur de l'Empire à partir de 7990 DHs!,https://www.ajinsafro.ma/voyages-international/circuit-8-jours-a-istanbul-a-partir-de-5990-mad--543?lang=fr_FR,Programme principal,https://ajinsafro.net/voyages-organises/circuit-8-jours-a-istanbul-a-partir-de-5990-mad-543?lang=fr_FR-543,ok,oui
543,Voyage international,Évasion à Istanbul : 8 Jours / 7 Nuits au Cœur de l'Empire à partir de 7990 DHs!,https://www.ajinsafro.ma/voyages-international/circuit-8-jours-a-istanbul-a-partir-de-7900-mad--543,Variante URL,https://ajinsafro.net/voyages-organises/circuit-8-jours-a-istanbul-a-partir-de-5990-mad-543?lang=fr_FR-543,ok,oui
543,Voyage international,Évasion à Istanbul : 8 Jours / 7 Nuits au Cœur de l'Empire à partir de 7990 DHs!,https://www.ajinsafro.ma/voyages-international/evasion-a-istanbul-8-jours-7-nuits-au-coeur-de-lempire-a-partir-de-7990-dhs-543,Variante programme,https://ajinsafro.net/voyages-organises/circuit-8-jours-a-istanbul-a-partir-de-5990-mad-543?lang=fr_FR-543,ok,oui
544,Hébergement,Vacances À La Mer En Famille À Pullman Mazagan Royal Golf & Spa 2 Adultes + 1 Enfant À Partir de 1975 DHs,https://www.ajinsafro.ma/onedeal.php?id=544,Ancienne URL technique,https://ajinsafro.net/hebergement/vacances-a-la-mer-en-famille-a-pullman-mazagan-royal-golf-spa-2-adultes-1-enfant-544,ok,oui
546,Voyage national,Circuit 4 Jours VIP À Agadir Par Avion Avec Hôtel Plus 2 Jours D'excursions À Seulement 4500 DHs !,https://www.ajinsafro.ma/voyage-national/circuit-4-jours-vip-a-agadir-par-avion-avec-hotel-plus-2-jours-dexcursions-a-seulement-4500-dhs-546,Programme principal,https://ajinsafro.net/voyages-maroc/circuit-4-jours-vip-a-agadir-par-avion-avec-hotel-plus-2-jours-dexcursions-a-seu-546,ok,oui
547,National,Circuit 6 jours VIP à Agadir par avion hôtel 4 étoiles plus 2 jours d'excursions à Seulement 3450 DHs !,https://www.ajinsafro.ma/onedeal.php?id=547,Ancienne URL technique,https://ajinsafro.net/voyages-maroc/circuit-6-jours-vip-a-agadir-par-avion-hotel-4-etoiles-plus-2-jours-d-excursions-547,ok,oui
548,Hébergement,Vacances À La Mer En Famille À Pullman Mazagan Royal Golf & Spa 2 Adultes + 1 Enfant À Partir de 1280 DHs,https://www.ajinsafro.ma/onedeal.php?id=548,Ancienne URL technique,https://ajinsafro.net/hebergement/vacances-a-la-mer-en-famille-a-pullman-mazagan-royal-golf-spa-2-adultes-1-enfant-548,partiel,oui
550,Hébergement,Un séjour de rêve à Al Hoceima Bay 2 Adultes + 2 Enfants à seulement 1680 DHs,https://www.ajinsafro.ma/onedeal.php?id=550,Ancienne URL technique,https://ajinsafro.net/hebergement/un-sejour-de-reve-a-al-hoceima-bay-2-adultes-2-enfants-a-seulement-1680-dhs-550,partiel,oui
551,Voyage national,Circuit 5 Jours / 4 Nuits par avion à Errachidia - Erfoud - Rissani Merzouga - Les Gorges todgha - Tinghir - Ouarzazate !,https://www.ajinsafro.ma/voyage-national/circuit-5-jours-4-nuits-par-avion-a-errachidia-erfoud-rissani-merzouga-les-gorges-todgha-tinghir-ouarzazate-551,Programme principal,https://ajinsafro.net/voyages-maroc/circuit-5-jours-4-nuits-par-avion-a-errachidia-erfoud-rissani-merzouga-les-gorge-551,ok,oui
553,Voyage international,"Évasion Dorée à Dubaï – 8 Jours de Rêve entre Désert, Luxe et Futur à partir de 12900 DHs par personne!",https://www.ajinsafro.ma/voyages-international/evasion-doree-a-dubai-8-jours-de-reve-entre-desert-luxe-et-futur-a-partir-de-12900-dhs-par-personne-553,Programme principal,https://ajinsafro.net/voyages-organises/evasion-doree-a-dubai-8-jours-de-reve-entre-desert-luxe-et-futur-a-partir-de-129-553,ok,oui
554,Omra,Offre spéciale Omra Septembre de 14 jours à partir de 16300 DHs personne!,https://www.ajinsafro.ma/onedeal.php?id=554,Ancienne URL technique,https://ajinsafro.net/hajj-omra/offre-speciale-omra-septembre-de-14-jours-a-partir-de-16300-dhs-personne-554,ok,oui
554,Omra,Offre spéciale Omra Septembre de 14 jours à partir de 16300 DHs personne!,https://www.ajinsafro.ma/voyages-international/offre-speciale-omra-septembre-de-14-jours-a-partir-de-16300-dhs-personne-554,Programme principal,https://ajinsafro.net/hajj-omra/offre-speciale-omra-septembre-de-14-jours-a-partir-de-16300-dhs-personne-554,ok,oui
556,Omra,Omra combiné Al Quds al sharif du 10 au 30 Janvier 2024 à partir de 27500 DHs!,https://www.ajinsafro.ma/onedeal.php?id=556,Ancienne URL technique,https://ajinsafro.net/hajj-omra/omra-combine-al-quds-al-sharif-du-10-au-30-janvier-2024-a-partir-de-27500-dhs-556,ok,oui
564,Hébergement,Une nuit à Hyatt Regency Casablanca pour 2 adultes + 1 enfant à partir de seulement 1950 DH!,https://www.ajinsafro.ma/onedeal.php?id=564,Ancienne URL technique,https://ajinsafro.net/hebergement/une-nuit-a-hyatt-regency-casablanca-pour-2-adultes-1-enfant-a-partir-de-seulemen-564,partiel,oui
567,Voyage international,"Combiné Thaïlande & Laos en 14 jours (12 nuits) 3 en 1 Bangkok, Luang Prabang, Phuket à partir de 25800 DHs / personne!",https://www.ajinsafro.ma/voyages-international/combine-thailande-and-laos-en-14-jours-12-nuits-3-en-1-bangkok-luang-prabang-phuket-a-partir-de-25800-dhs-personne-567,Programme principal,https://ajinsafro.net/voyages-organises/combine-thailande-and-laos-en-14-jours-12-nuits-3-en-1-bangkok-luang-prabang-phu-567,ok,oui
568,International,Combiné Thaïlande & Cambodge (3 en 1 Bangkok / Siem Reap / Phuket en 14 Jours (12 Nuits) à partir de 25790 DHs / personne,https://www.ajinsafro.ma/voyages-international/combine-thailande-and-cambodge-3-en-1-bangkok-siem-reap-phuket-en-14-jours-12-nuits-a-partir-de-25790-dhs-personne-568,Programme principal,https://ajinsafro.net/voyages-organises/combine-thailande-and-cambodge-3-en-1-bangkok-siem-reap-phuket-en-14-jours-12-nu-568,ok,oui
570,Voyage international,Partez à la découverte de Dubaï lors d'un séjour inoubliable de 7 jours (6 nuits) à partir de 10900 DHs!,https://www.ajinsafro.ma/voyages-international/partez-a-la-decouverte-de-dubai-lors-dun-sejour-inoubliable-de-7-jours-6-nuits-a-partir-de-4800-dhs-570,Programme principal,https://ajinsafro.net/voyages-organises/partez-a-la-decouverte-de-dubai-lors-dun-sejour-inoubliable-de-7-jours-6-nuits-a-570,ok,oui
